{"EndPoint": "bbexld", "Data": {"clients": 136, "gametype": "ESX Legacy", "hostname": "^5[FR/^0QC/^1BE]\ud83d\uddfc^6 VI PARIS RP ^7 | \ud83d\ude91^1 Services Secours et \ud83d\udc6ePolice 100% FR | \ud83d\udd2b^9Cit\u00e9s | \ud83c\udf55^9 20 M\u00e9tiers l\u00e9gaux disponibles | ^2\ud83e\udd56Serveur Parisien ! | \ud83d\uddfa\ufe0f^1 Mappings et scripts in\u00e9dits\ud83c\udf89 | \ud83c\udf1f^5contenu exclusif | \ud83d\udd27^3 Mises \u00e0 jour r\u00e9guli\u00e8res | \u2699\ufe0f^5 EXCLU OPTIMISE", "mapname": "PARIS", "sv_maxclients": 500, "enhancedHostSupport": true, "requestSteamTicket": "on", "resources": ["hardcap", "monitor", "kq_carheist", "k4mb1shellstarter", "eup_m_fosecours", "VPRP_Ethylotest", "chat", "VPRP_BolloreLogistique", "nv_DjDesk", "PolyZone", "esx_addonaccount", "NativeUI", "Disconect", "spawnmanager", "Hud_Nourriture", "VPRP_Log", "cron", "rtx_club.pack", "ExtraMenu", "esx_addoninventory", "sessionmanager", "VPRP_MenuF5", "OT_weaponrepair", "core_arme", "VPRP_Blanchiment", "es_extended", "ecg", "bulletin", "T_Core", "loaf_lib", "Watchdogs", "stream_tenue", "MagasinShop", "esx_context", "r_pepperspray", "CIATPN", "xsound", "LegacyFuel", "async", "esx_textui", "Loadingscreen_VPRP", "oxmysql", "esx_joblisting", "dpclothing", "ox_inventory", "ox_lib", "eup_mf_civil", "Ldv", "Craft_Armes_VPRP", "UtilsCore", "VPRP_MenuAnnimation_nouveau", "esx-kr-vehicle-push", "eup_m_fosecours2", "tenue_fo_femme", "Hud_Metier", "Hud_Vitesse", "instance", "VPRP_pacificheist", "lb-phone", "lb-phoneprop", "doorlock", "DP_GoFast", "jsfour-idcard", "N_Core", "vhl_secours", "R.Editor", "MenuAdministration", "sh-electronicCuffs", "TraficGestion", "vb-banking", "VPRP_ec145gn", "VPRP_firescript", "VPRP_Gym", "VPRP_Jail", "VPRP_Mercura", "VPRP_son", "VPRP_TP", "VPRP_TREUIL", "rtx_club_mlo.pack", "esx_identity", "esx_skin", "skinchanger", "rtx_carradio", "Mapping_Core", "esx_menu_default", "esx_menu_dialog", "esx_menu_list", "esx_gangjob", "pack_Watlz2_McModding", "vSync", "vehiculepv", "pma-voice", "radio_effect", "rp-radio", "webpack", "yarn", "rcore_pool", "ec145gn", "esx_accessories", "esx_advancedgarage", "esx_barbershop", "esx_boat", "esx_carwash", "esx_clip", "esx_clotheshop", "esx_dmvschool", "esx_scoreboard", "esx_strippers", "esx_tattooshop", "Legion_V5_French", "esx_vehicle_location", "esx_basicneeds", "esx_billing", "esx_datastore", "MD_vigneron", "esx_license", "esx_rpchat", "esx_society", "esx_status", "skBoutique", "VPRP_gangmissions", "rob_atm", "FlamingoV3", "VPRP_fleecaheist", "VPRP_trainheist", "VPRP_vangelicoheist", "esx_drugs", "trase_dealer", "VPRP_Jobs", "fmodding_autoroute_deluxe_edition", "bob74_ipl", "plt_lumberjack-streams", "progressBars", "Minimap", "caserne_plage", "cfx-gabz-pizzeria", "cfx-nteam-ccaffe", "cfx-nteam-river", "city1ng3.pack", "creativehouse_water", "dolu_vineyard", "Eiffel_V1_Tower", "fiv3devs_headquarters", "esx_garbagecrew", "fmapping_centre_vinci2023", "ForzerModding_BrinksV3_Sandy_Shore", "hex_paleto_cardealer", "mapping_depann2k", "mickystudio_Cite_Athena", "Mickystudio_gendarmerie_sandyshore", "patoche_billiard", "rdzk_c_square", "Brinks_Job", "al_mdt", "diables_hopital", "expert2017ci", "expert2017crsa", "pack_Watlz1_McModding", "pack_Watlz_McModding.pack", "Sherpa_BRI_GIGN", "ak47_housing", "esx_vehicleshop", "eKFC", "LaBrigadeGourmande_job", "T_Dondelli", "TunningSystem", "plt_lumberjack", "casinointerior", "rcore_casino", "rcore_casino_assets", "rcore_casino_interior", "diables_props", "generic_texture_renderer_gfx", "rtx_tv.pack", "VPRP_Props", "17mov_OilRig", "esx-blarglebus"], "server": "FXServer-master SERVER v1.0.0.7528 win32", "vars": {"Etat\ud83c\udf0d": "Ouvert", "JD_logs": "V2.1.7.12b", "activitypubFeed": "Tritutachel@mas.to", "banner_connecting": "https://imgproxy.cfx.re/GnENWUEZNk2pQ-bBvIJ7uYHo8SZi4r0W8RrQGwjF9gw/f:webp/q:70/aHR0cHM6Ly9jZG4uZGlzY29yZGFwcC5jb20vYXR0YWNobWVudHMvMTA4MDQ0OTk5OTc2MDAxMTMwNy8xMTA5NTUxODczMzg5NzY0Njg4L0JhbmllcnJlX192cHJwLmdpZg.webp", "banner_detail": "https://imgproxy.cfx.re/GnENWUEZNk2pQ-bBvIJ7uYHo8SZi4r0W8RrQGwjF9gw/f:webp/q:70/aHR0cHM6Ly9jZG4uZGlzY29yZGFwcC5jb20vYXR0YWNobWVudHMvMTA4MDQ0OTk5OTc2MDAxMTMwNy8xMTA5NTUxODczMzg5NzY0Njg4L0JhbmllcnJlX192cHJwLmdpZg.webp", "gamename": "gta5", "locale": "fr-FR", "onesync_enabled": "true", "sv_enforceGameBuild": "2699", "sv_enhancedHostSupport": "true", "sv_lan": "false", "sv_licenseKeyToken": "4424089xm0jwqtbetqo1opqz_9727952:267e7b0cea6dfd875e3d4c8ebc89803e80b91029894392851f7584d23dfb3b0f", "sv_maxClients": "500", "sv_projectDesc": "Serveur Paris, Roleplay s\u00e9rieux, Script In\u00e9dit, contenue In\u00e9dit, Staff Actif ! => discord.gg/vprp", "sv_projectName": "^6 VI PARIS RP\ud83d\uddfc", "sv_pureLevel": "0", "sv_scriptHookAllowed": "false", "tags": "fr,police, pompier, drogue, rp, economie, discord, cit\u00e9, job, seriousrp fa, french, france, qc, belge, es, paris, gendarmerie,esx", "txAdmin-version": "7.0.0", "\u270b D\u00e9veloppement": "D\u00e9veloppement Optimis\u00e9", "\u2728 Informations": "Pour plus d'informations, rejoignez le discord de la ville.", "\ud83c\udf10 Discord": "discord.gg/vprp", "\ud83c\udf86 Tags": "Free-Access, Double Jobs, RP S\u00e9rieux, V\u00e9hicules Imports, \u00c9conomie Semi-R\u00e9aliste, T\u00e9l\u00e9phone, Staff Actif, Paris", "\ud83d\udc51 Fondateurs": "Nico et Tritu", "\ud83d\udc96 Serveur": "Le Serveur dispose de Scripts Uniques", "\ud83d\udcbb D\u00e9veloppeur": "Nico et Tritu", "\ud83d\udce1 Anti-DDoS": "Ce serveur dispose d'un Anti-DDoS incroyable.", "\ud83e\ude78 Co-Fondateurs": "Chachou et Chris", "premium": "pt", "banner_connecting#original_url": "https://cdn.discordapp.com/attachments/1080449999760011307/1109551873389764688/Banierre__vprp.gif", "banner_detail#original_url": "https://cdn.discordapp.com/attachments/1080449999760011307/1109551873389764688/Banierre__vprp.gif"}, "selfReportedClients": 136, "players": [{"endpoint": "127.0.0.1:1234", "id": 558, "identifiers": ["steam:11000015cefaf52", "license:315d8af5d70cefa50ecf795ba56ed76a445e7951", "xbl:2535466330405257", "live:1829579254352937", "discord:1203013732733812788", "license2:315d8af5d70cefa50ecf795ba56ed76a445e7951"], "name": "Rachid Frost", "ping": 21}, {"endpoint": "127.0.0.1:1234", "id": 226, "identifiers": ["steam:11000014cc73b3f", "license:ab547c18c9e152f0f70722243339a866166b63f0", "live:985155770507498", "discord:817782578135957536", "license2:6f9914c63945e900f51b602ab02ae3a52e381ddd"], "name": "Zack", "ping": 25}, {"endpoint": "127.0.0.1:1234", "id": 245, "identifiers": ["steam:1100001468f9f44", "license:a86a335009b540b860a8420bbe6f4b58c7d7dce1", "xbl:2535461675893668", "live:985154778001697", "discord:714834893842153582", "fivem:2308044", "license2:57ee0e14b27e1ba470e2ad1ac90aae629ac30b1c"], "name": "Hassan Most", "ping": 51}, {"endpoint": "127.0.0.1:1234", "id": 251, "identifiers": ["license:fc90835641319ce635820d305ca092f3b2152752", "xbl:2535444701069291", "live:914798447116539", "discord:1171926161358585906", "fivem:13178523", "license2:fc90835641319ce635820d305ca092f3b2152752"], "name": "admin", "ping": 27}, {"endpoint": "127.0.0.1:1234", "id": 269, "identifiers": ["steam:1100001447da62b", "license:4cfd1b72eaa46aaeaf778e7b553434e0c15df614", "xbl:2535465400978004", "live:1055518953396861", "discord:664165311410470924", "fivem:2199108", "license2:7c03c3b76440cd7cd2ed221b6bef97f09b126846"], "name": "Szw", "ping": 76}, {"endpoint": "127.0.0.1:1234", "id": 330, "identifiers": ["steam:110000147f35cfd", "license:73996cd5a9ddbe522390497b329f5e142810469a", "discord:366000516976607232", "fivem:10502804", "license2:73996cd5a9ddbe522390497b329f5e142810469a"], "name": "Michel sosa", "ping": 32}, {"endpoint": "127.0.0.1:1234", "id": 349, "identifiers": ["steam:11000014b6146b2", "license:6987600c111f6659e7bf467c9b3d7e9d3a9f21d3", "discord:916443833292685313", "fivem:5262810", "license2:96f117e908d87c9b677077505c56ede6214de34d"], "name": "Jean Los", "ping": 43}, {"endpoint": "127.0.0.1:1234", "id": 331, "identifiers": ["steam:11000013c96033e", "license:07b186b9391c215bc1b67869b483fe27ba1353e1", "fivem:8805036", "license2:1ac329024de5452fd7c1699a23cf1ea78fc14ab6"], "name": "davis", "ping": 41}, {"endpoint": "127.0.0.1:1234", "id": 366, "identifiers": ["steam:1100001036c0d7d", "license:42bc30df84a7ee68dca523531a8a9a1483154290", "xbl:2533274850916809", "live:1759221095841326", "discord:1044402103021477928", "fivem:9506195", "license2:42bc30df84a7ee68dca523531a8a9a1483154290"], "name": "babas42", "ping": 31}, {"endpoint": "127.0.0.1:1234", "id": 422, "identifiers": ["steam:11000013fdee09f", "license:51b5ea9d845dd8c6afba0b07263e912e9e497a85", "xbl:2535405326058317", "live:844425376090005", "discord:458218450393890831", "fivem:851378", "license2:51b5ea9d845dd8c6afba0b07263e912e9e497a85"], "name": "~b~ [A] Titeuf ~s~", "ping": 31}, {"endpoint": "127.0.0.1:1234", "id": 381, "identifiers": ["steam:110000101674cb8", "license:5836e468ec90f5d0cf5d5681b27371f55557085e", "live:914799114431171", "discord:685452924435955789", "license2:5836e468ec90f5d0cf5d5681b27371f55557085e"], "name": "~g~ [M] Keno", "ping": 19}, {"endpoint": "127.0.0.1:1234", "id": 539, "identifiers": ["steam:1100001637f6e94", "license:084676fb48981b2c5e533c712bb628d9c94c081e", "xbl:2535409687498994", "live:1055518612149691", "discord:978740207413256222", "license2:df574bbbba040203ea823636a76dd16e501cdb4b"], "name": "simonaraujo438", "ping": 40}, {"endpoint": "127.0.0.1:1234", "id": 575, "identifiers": ["steam:11000011c80a243", "license:1bbff51c2635a9936abfb43d62c1c7e508c4f638", "xbl:2535431889301789", "live:985157465535275", "discord:426353214418452480", "fivem:9577836", "license2:1bbff51c2635a9936abfb43d62c1c7e508c4f638"], "name": "~g~ [M] Noway Jones", "ping": 25}, {"endpoint": "127.0.0.1:1234", "id": 387, "identifiers": ["steam:11000016416d1a6", "license:fc5c67ef894adc2d67d91a141911c3cdb69d1aff", "discord:1209201413385625664", "license2:fc5c67ef894adc2d67d91a141911c3cdb69d1aff"], "name": "nono667freeze", "ping": 73}, {"endpoint": "127.0.0.1:1234", "id": 390, "identifiers": ["steam:1100001343b3869", "license:55ca5938c9ce6f865d9f70d648b27be8a02670ec", "live:985155705772415", "license2:bd29b26a6c688aac8de4253b4664cebe0d8ddf2b"], "name": "GuldorE", "ping": 27}, {"endpoint": "127.0.0.1:1234", "id": 556, "identifiers": ["license:b3d4b4258e83c35940b7b7dd7e8e909bcdb38ad3", "xbl:2535420440005465", "live:985154344125709", "discord:835230642975145985", "license2:b3d4b4258e83c35940b7b7dd7e8e909bcdb38ad3"], "name": "yoann", "ping": 26}, {"endpoint": "127.0.0.1:1234", "id": 423, "identifiers": ["steam:110000109628c35", "license:14f64a7944ad5b3f1df99de99bed0d25dfa75cda", "xbl:2535451970978752", "live:985154776191732", "discord:794880308910096385", "license2:e0bc0ab65910348f8e47401ecda746aa658b2330"], "name": "Souliman KIZOUK", "ping": 48}, {"endpoint": "127.0.0.1:1234", "id": 543, "identifiers": ["steam:110000159c13b8a", "license:abf5766ce16775bc0ffc40f98c9a829bcd54cde5", "live:914799117685979", "discord:1189647751298941091", "fivem:12722547", "license2:abf5766ce16775bc0ffc40f98c9a829bcd54cde5"], "name": "matthieu.klein.57660", "ping": 42}, {"endpoint": "127.0.0.1:1234", "id": 445, "identifiers": ["steam:110000139898fe6", "license:a4d8c5303d042a9c77ce5566630e3d22fd680130", "xbl:2535459809382036", "live:844425256211295", "discord:449283583777964053", "license2:fcfe04c7b55b4b0160ed7e64ede4e961967ff63c"], "name": "Warren Thuram", "ping": 28}, {"endpoint": "127.0.0.1:1234", "id": 481, "identifiers": ["steam:11000010f67ba53", "license:be17b5acaabb75d88fb66b017a585f1caddce03e", "xbl:2535455188163770", "live:844425400247438", "discord:876799928456847381", "license2:be17b5acaabb75d88fb66b017a585f1caddce03e"], "name": "Titis", "ping": 34}, {"endpoint": "127.0.0.1:1234", "id": 451, "identifiers": ["steam:110000162196043", "license:cb0a9b3eed3991177853f5787bcd433f5307d9b5", "live:914799731159713", "discord:1195018831274450948", "license2:cb0a9b3eed3991177853f5787bcd433f5307d9b5"], "name": "mickylerty", "ping": 23}, {"endpoint": "127.0.0.1:1234", "id": 456, "identifiers": ["steam:11000013347e6f0", "license:43da74e28cf6a71d5d48b222f46e01f1077935de", "xbl:2535438640634068", "live:914798091415763", "discord:791298668358533131", "fivem:5777042", "license2:ae3663b3ca31e3af73b866c2c6755b79b09a9518"], "name": "Paul Dominique", "ping": 39}, {"endpoint": "127.0.0.1:1234", "id": 466, "identifiers": ["steam:11000013df5ce99", "license:85dd49620181b895e078735a1a7f7bd46ad5e57a", "discord:757360101064441986", "license2:85dd49620181b895e078735a1a7f7bd46ad5e57a"], "name": "LHS FRANCK", "ping": 26}, {"endpoint": "127.0.0.1:1234", "id": 475, "identifiers": ["steam:1100001415e52a2", "license:f3b49c9d602877852d17f9615a736b07c175d7dd", "xbl:2535415946007958", "live:985154802374561", "discord:929085552320458752", "license2:f3b49c9d602877852d17f9615a736b07c175d7dd"], "name": "~b~ [A] Noah Walton", "ping": 29}, {"endpoint": "127.0.0.1:1234", "id": 510, "identifiers": ["license:78947571747f4d86599d78a3095eee801d06cdb6", "discord:1199831046355689483", "license2:78947571747f4d86599d78a3095eee801d06cdb6"], "name": "Admin", "ping": 26}, {"endpoint": "127.0.0.1:1234", "id": 488, "identifiers": ["license:039e95694463c79242c59f1926cfe54872960eb3", "xbl:2535461752787843", "live:914799247439998", "discord:925545550219198516", "license2:039e95694463c79242c59f1926cfe54872960eb3"], "name": "Fumier", "ping": 28}, {"endpoint": "127.0.0.1:1234", "id": 497, "identifiers": ["steam:110000160f2ebce", "license:1b777a5fd851938177e624a66a184fad164ff3c7", "discord:1134180963883163661", "fivem:12794369", "license2:1b777a5fd851938177e624a66a184fad164ff3c7"], "name": "Sebastien  LAPORTE", "ping": 55}, {"endpoint": "127.0.0.1:1234", "id": 530, "identifiers": ["steam:11000015bfd4e01", "license:64167b71ae2647bbc341e53fb6652a30e8dec299", "discord:1105831387648507925", "fivem:11558860", "license2:64167b71ae2647bbc341e53fb6652a30e8dec299"], "name": "MarkBlanc", "ping": 73}, {"endpoint": "127.0.0.1:1234", "id": 500, "identifiers": ["steam:11000011385798d", "license:1a996f1a66ebe85fd391a71022a68683915417e0", "xbl:2535438459888089", "live:1055519454900668", "discord:295438025369059329", "license2:55f119f991ebcca4af019697157cafc701af9f62"], "name": "~g~ [M][PN] Aur\u00e9lien Garnier", "ping": 28}, {"endpoint": "127.0.0.1:1234", "id": 502, "identifiers": ["steam:1100001645db306", "license:c17f1ee69699784f21d0ab9755c374b02248ab15", "discord:1211295751003439165", "license2:c17f1ee69699784f21d0ab9755c374b02248ab15"], "name": "sofiane", "ping": 73}, {"endpoint": "127.0.0.1:1234", "id": 708, "identifiers": ["steam:11000014ba4ae52", "license:0e777288693ab41df5882f1e24736008efb45881", "xbl:2535436793389831", "live:1055518423709526", "discord:318345297648680960", "license2:86ad381502d675d07540a8b1b5165ef99d4044a8"], "name": "SeRroX", "ping": 49}, {"endpoint": "127.0.0.1:1234", "id": 504, "identifiers": ["steam:11000014a4507cc", "license:6ce0bde58bcb37cd1a2a32f79fcb7771240e6e83", "xbl:2535445717975848", "live:1688854058276140", "discord:422341790763581442", "license2:6ce0bde58bcb37cd1a2a32f79fcb7771240e6e83"], "name": "Carlos Delponte", "ping": 39}, {"endpoint": "127.0.0.1:1234", "id": 505, "identifiers": ["license:0ca96958108a17d110e0afa99d92ebae3cbb3eed", "discord:1053809076510920744", "license2:0ca96958108a17d110e0afa99d92ebae3cbb3eed"], "name": "Rs4_2580", "ping": 23}, {"endpoint": "127.0.0.1:1234", "id": 508, "identifiers": ["steam:110000154d8c78b", "license:bbbc73061c1cef3cb177efac9c0e7311c87576d7", "live:1055519221414585", "discord:997922226269593630", "license2:bbbc73061c1cef3cb177efac9c0e7311c87576d7"], "name": "YanisM06", "ping": 33}, {"endpoint": "127.0.0.1:1234", "id": 516, "identifiers": ["steam:11000015579685a", "license:643fc645d47cc22bec34e00af5d561738aecf2ca", "xbl:2535465194229150", "live:1055519647863920", "discord:651878502492274727", "fivem:10291789", "license2:643fc645d47cc22bec34e00af5d561738aecf2ca"], "name": "David ShelbY", "ping": 30}, {"endpoint": "127.0.0.1:1234", "id": 707, "identifiers": ["steam:11000011a0a301d", "license:8f289874936e020d287467967498a0ed183f396d", "xbl:2535445248954262", "live:844424970401243", "discord:720656887464591431", "fivem:4243193", "license2:8f289874936e020d287467967498a0ed183f396d"], "name": "Michael Costa Morretti", "ping": 57}, {"endpoint": "127.0.0.1:1234", "id": 517, "identifiers": ["steam:11000011026e5e0", "license:6d96255278b0025cd57f593ce564d567e8fe1d52", "discord:817430926631501825", "license2:6d96255278b0025cd57f593ce564d567e8fe1d52"], "name": "Ousmane Kizouk", "ping": 35}, {"endpoint": "127.0.0.1:1234", "id": 572, "identifiers": ["steam:110000153e95186", "license:6601b7dabd0586422d356d7f9f4a4b27e7f3adbf", "discord:995459713535836231", "license2:6601b7dabd0586422d356d7f9f4a4b27e7f3adbf"], "name": "Dambre Enzo", "ping": 47}, {"endpoint": "127.0.0.1:1234", "id": 518, "identifiers": ["steam:11000013a0001e6", "license:262fed9f596810bb1392e03d42c50d66c47dfc6f", "xbl:2535431548033963", "live:985154238484392", "discord:751028553428107315", "fivem:1591432", "license2:262fed9f596810bb1392e03d42c50d66c47dfc6f"], "name": "Babouin", "ping": 27}, {"endpoint": "127.0.0.1:1234", "id": 701, "identifiers": ["steam:1100001589d5df7", "license:df1f5a080ff768b3e03c188dc0735431c6adb047", "xbl:2535409839386064", "live:844428545316468", "discord:843456215605444618", "fivem:9403330", "license2:df1f5a080ff768b3e03c188dc0735431c6adb047"], "name": "elmilitero666", "ping": 50}, {"endpoint": "127.0.0.1:1234", "id": 675, "identifiers": ["license:6a0c522d877c031fdb4b817c27e6bdc74906af8e", "xbl:2535462966467062", "live:1055519199153620", "discord:608719855289630730", "fivem:2030234", "license2:6a0c522d877c031fdb4b817c27e6bdc74906af8e"], "name": "gabry", "ping": 33}, {"endpoint": "127.0.0.1:1234", "id": 519, "identifiers": ["steam:110000147a312c8", "license:14eb3c6e76a41cba52668861037fe9045ab4dd76", "xbl:2535426031128160", "live:1055518641344902", "discord:477495339226497035", "fivem:8526040", "license2:851abca0c098aeac3653a6b82fd78d7d2ec74eb9"], "name": "Itoxic_lorde", "ping": 54}, {"endpoint": "127.0.0.1:1234", "id": 520, "identifiers": ["license:8a4a670645c09f079e2a996fd747e33a4bffebfd", "live:985155748553507", "discord:1184854199352172656", "fivem:12972414", "license2:8a4a670645c09f079e2a996fd747e33a4bffebfd"], "name": "zepek", "ping": 88}, {"endpoint": "127.0.0.1:1234", "id": 522, "identifiers": ["steam:110000145e07e3a", "license:dc2a4d64a4f2cd6ecc0ca30ab464a5377163738e", "xbl:2535419173186060", "live:985154475966575", "discord:628309112786124819", "fivem:4717510", "license2:dc2a4d64a4f2cd6ecc0ca30ab464a5377163738e"], "name": "Albert LATERRE", "ping": 33}, {"endpoint": "127.0.0.1:1234", "id": 595, "identifiers": ["steam:110000144a0098c", "license:41b7bdaed55cdd1ed5e070c977d6669b9e8f1633", "discord:697215739991687199", "license2:41b7bdaed55cdd1ed5e070c977d6669b9e8f1633"], "name": "~b~ [A] Robert Lafist", "ping": 37}, {"endpoint": "127.0.0.1:1234", "id": 524, "identifiers": ["steam:110000105b3f050", "license:bc61a9bfb2391316e857301d874f6b4a2f5b5b14", "xbl:2533274939132545", "live:914800791929006", "discord:488450775631265792", "license2:7e96c53a9a0bf72d006f32698b929b0bbee71057"], "name": "jojo", "ping": 37}, {"endpoint": "127.0.0.1:1234", "id": 528, "identifiers": ["steam:11000015f211582", "license:0544149a849ba9a488c2e71da65890a40b546610", "live:1055519966757211", "discord:908069322134536202", "fivem:11858330", "license2:0544149a849ba9a488c2e71da65890a40b546610"], "name": "kawizjaisas", "ping": 37}, {"endpoint": "127.0.0.1:1234", "id": 663, "identifiers": ["steam:11000010b739260", "license:02ac201526d4c6a9a4d756cab56c95178abc1db4", "xbl:2535461850570087", "live:1759221901914845", "discord:701801607007961158", "license2:d3d545f561c5e36aceac5c318ec6007c24139828"], "name": "Jean-Damien", "ping": 22}, {"endpoint": "127.0.0.1:1234", "id": 532, "identifiers": ["steam:11000013d942fd6", "license:a8897290883ce919388f0fa5eaa30693a1cf2130", "xbl:2535438331565603", "live:985158099430572", "discord:356071498126983200", "license2:a8897290883ce919388f0fa5eaa30693a1cf2130"], "name": "[GS] Loenia", "ping": 51}, {"endpoint": "127.0.0.1:1234", "id": 535, "identifiers": ["license:33e36c02b0945e7db2aeaf41bdcfb6ad776047ba", "xbl:2535416558910553", "live:1759222432118307", "discord:1063544475147829258", "fivem:8776326", "license2:33e36c02b0945e7db2aeaf41bdcfb6ad776047ba"], "name": "Jose Martinez", "ping": 29}, {"endpoint": "127.0.0.1:1234", "id": 536, "identifiers": ["steam:110000147cd0d13", "license:6a8ceda2a215272c7b4af4488cfaed74a22422a5", "xbl:2535461870273284", "live:985157505684460", "discord:664901459447382028", "fivem:9354910", "license2:6a8ceda2a215272c7b4af4488cfaed74a22422a5"], "name": "tybo hadams", "ping": 56}, {"endpoint": "127.0.0.1:1234", "id": 682, "identifiers": ["license:1ca2fccfc3281e0a9d51257c480dacbe77e43697", "xbl:2535431812645150", "live:1055518749372907", "discord:830877059550150686", "fivem:7405721", "license2:1ca2fccfc3281e0a9d51257c480dacbe77e43697"], "name": "idriss", "ping": 62}, {"endpoint": "127.0.0.1:1234", "id": 537, "identifiers": ["license:eb2c1a9be5a954dbadb9067e075bb3168c5b0deb", "discord:1115750902989594696", "license2:eb2c1a9be5a954dbadb9067e075bb3168c5b0deb"], "name": "Timeo", "ping": 29}, {"endpoint": "127.0.0.1:1234", "id": 648, "identifiers": ["steam:1100001362591ef", "license:a6dfa1e06d4e9e1a27e6f7d272f2dc5823e6d31a", "discord:867035530398793738", "fivem:7909327", "license2:a6dfa1e06d4e9e1a27e6f7d272f2dc5823e6d31a"], "name": "thekikileurcr", "ping": 31}, {"endpoint": "127.0.0.1:1234", "id": 538, "identifiers": ["steam:1100001180c522f", "license:507c3f61d8ca0c975988825c8821c127a89ecc06", "xbl:2535450660832301", "live:985157589440620", "discord:297367853546602498", "license2:02f85b6d2c7d1348460309852be1326330afec48"], "name": "Nico Caprio", "ping": 33}, {"endpoint": "127.0.0.1:1234", "id": 541, "identifiers": ["steam:1100001645ccbc8", "license:ffee2fc64b01c7a8730cfc9fe5c9dd4c390b597c", "discord:331497122904145920", "license2:ffee2fc64b01c7a8730cfc9fe5c9dd4c390b597c"], "name": "~g~ Franck Castella | Astra", "ping": 32}, {"endpoint": "127.0.0.1:1234", "id": 549, "identifiers": ["steam:110000137fc2b8b", "license:c0f6e817b0c7866392e176096dfc61ffc2c8e472", "live:844426641683362", "discord:459801569324433409", "license2:5a6554b20adfff2ca8115f683c16f57d39084a3b"], "name": "JMK28", "ping": 24}, {"endpoint": "127.0.0.1:1234", "id": 546, "identifiers": ["steam:11000016068cc55", "license:b2ebf8e92d96db090919c747b0e79cee3604457f", "xbl:2535414430150071", "live:844426567511010", "discord:1188826469900746853", "fivem:12714267", "license2:b4d3d61e80ef21ced16fc55471e9f00135e96c32"], "name": "nocap2", "ping": 33}, {"endpoint": "127.0.0.1:1234", "id": 706, "identifiers": ["steam:1100001561c980d", "license:778ec836184a6bd1d49981b54b778dd54e6efea2", "live:914798267777576", "discord:1026898784237666324", "license2:778ec836184a6bd1d49981b54b778dd54e6efea2"], "name": "~r~ Chachou", "ping": 23}, {"endpoint": "127.0.0.1:1234", "id": 547, "identifiers": ["steam:11000013d65f06f", "license:de45ea42c957e307508a949df52c4167524583a0", "xbl:2535421533327739", "live:914798465670135", "discord:459799682990997506", "fivem:2792352", "license2:05d63dcca0d53412b17bd5c09d6ef6924919c290"], "name": "FlyOrbix22", "ping": 30}, {"endpoint": "127.0.0.1:1234", "id": 548, "identifiers": ["steam:11000014c28fc94", "license:ea28a5e3410d7a8232e0b91fb01d448562eec261", "xbl:2535447106547749", "live:985154396413670", "discord:648126823846117377", "fivem:8888842", "license2:ea28a5e3410d7a8232e0b91fb01d448562eec261"], "name": "POLOCOP| John Black", "ping": 21}, {"endpoint": "127.0.0.1:1234", "id": 658, "identifiers": ["steam:11000014c524bc6", "license:61231f9246ce88c48ede4bbaccbdc0e8b0600b4d", "live:1055520170289382", "discord:1190314680560922685", "fivem:13022821", "license2:b8a73f35603078f6c54c946f48bd16ddbab32261"], "name": "nocap3*", "ping": 35}, {"endpoint": "127.0.0.1:1234", "id": 657, "identifiers": ["steam:1100001638d0ed4", "license:4eb5b8025ef13610924d52a441c57e237340e623", "xbl:2535467109536185", "live:985154631701385", "discord:1146400855059345439", "fivem:13154848", "license2:4eb5b8025ef13610924d52a441c57e237340e623"], "name": "M3", "ping": 36}, {"endpoint": "127.0.0.1:1234", "id": 559, "identifiers": ["license:42e9106861b1d88057f850903986a6e3080ee25d", "xbl:2535451748394924", "live:985154712497368", "discord:695746703231287388", "license2:42e9106861b1d88057f850903986a6e3080ee25d"], "name": "Utilisateur", "ping": 33}, {"endpoint": "127.0.0.1:1234", "id": 561, "identifiers": ["steam:11000011081da6a", "license:b145212941c3cf9ec9492d3f74f54ae63e645bb8", "xbl:2535445519404483", "live:914798283040134", "discord:656578051819438091", "license2:b145212941c3cf9ec9492d3f74f54ae63e645bb8"], "name": "Victor", "ping": 36}, {"endpoint": "127.0.0.1:1234", "id": 563, "identifiers": ["license:f8c297a3c39dac5a51fa7e6b05094f529d7005f4", "discord:703020068442996809", "fivem:4435533", "license2:f8c297a3c39dac5a51fa7e6b05094f529d7005f4"], "name": "user", "ping": 26}, {"endpoint": "127.0.0.1:1234", "id": 564, "identifiers": ["steam:110000145963ea0", "license:91ad6445bc6e1078447952f169d238152e4a424b", "discord:796763735326064690", "license2:7dfeae116037b751b484d0ba2c680c4293a72922"], "name": "~g~ Tim Dambre | Noa", "ping": 15}, {"endpoint": "127.0.0.1:1234", "id": 569, "identifiers": ["steam:1100001427d6e2f", "license:4db237ae9fb466b42ec4c0db9baab31b0422cf9e", "xbl:2535406918138378", "live:844425073271643", "discord:283346633469722624", "fivem:3651102", "license2:4db237ae9fb466b42ec4c0db9baab31b0422cf9e"], "name": "Dorian Garrix", "ping": 101}, {"endpoint": "127.0.0.1:1234", "id": 574, "identifiers": ["license:a917d48bbc9c81a401f6954e86b02731be97acb7", "discord:1164637732363055157", "license2:a917d48bbc9c81a401f6954e86b02731be97acb7"], "name": "weste", "ping": 41}, {"endpoint": "127.0.0.1:1234", "id": 570, "identifiers": ["steam:110000141f7a909", "license:65e9b1547da6a0915da840a73af468fc62056442", "xbl:2535446913700078", "live:1055518359838650", "discord:867510293947744297", "license2:65e9b1547da6a0915da840a73af468fc62056442"], "name": "~b~ Hugo Smith", "ping": 20}, {"endpoint": "127.0.0.1:1234", "id": 576, "identifiers": ["steam:110000157e6439d", "license:df2d29284d727abb0e880c3de62a10af8eb9a705", "xbl:2535461351711915", "live:1829582457111144", "discord:1209474237526704188", "license2:df2d29284d727abb0e880c3de62a10af8eb9a705"], "name": "personne", "ping": 23}, {"endpoint": "127.0.0.1:1234", "id": 577, "identifiers": ["steam:1100001404de6c3", "license:b66da9758931ab2256d14ac8a975ef765e57fd0b", "xbl:2535410951867717", "live:844425412454768", "discord:1147184446412423189", "fivem:3307172", "license2:b66da9758931ab2256d14ac8a975ef765e57fd0b"], "name": "Maxoulfr_ / Tedy Verdoix", "ping": 37}, {"endpoint": "127.0.0.1:1234", "id": 581, "identifiers": ["steam:110000160184781", "license:23d671ca4640c54881521dd8481b6824c552a7a1", "xbl:2535433949802316", "live:914799696795105", "discord:1095127889231495320", "license2:23d671ca4640c54881521dd8481b6824c552a7a1"], "name": "ilyesyahia977", "ping": 46}, {"endpoint": "127.0.0.1:1234", "id": 582, "identifiers": ["steam:11000013ff98ed3", "license:82ac506ecda254f6511904e643a769616763a98f", "xbl:2535408048954153", "live:914798647757053", "discord:658325406398677002", "fivem:5463775", "license2:82ac506ecda254f6511904e643a769616763a98f"], "name": "Michel Laterre", "ping": 34}, {"endpoint": "127.0.0.1:1234", "id": 673, "identifiers": ["license:dd5872f24d177f126e372be7bd18996d30e833cd", "discord:562813973171404810", "license2:dd5872f24d177f126e372be7bd18996d30e833cd"], "name": "Plata", "ping": 25}, {"endpoint": "127.0.0.1:1234", "id": 583, "identifiers": ["steam:11000015abaf135", "license:3fe7e2cead1e054489aa8bcf2bd296f410f9c869", "xbl:2535409504159109", "live:914799286795820", "discord:1076221640184168471", "license2:23fdef8cbcacbc4afbffedcff7f2f125d4f9a0f7"], "name": "DIM FLASH", "ping": 28}, {"endpoint": "127.0.0.1:1234", "id": 586, "identifiers": ["license:70e54bee29b005ca62a3aef13bfa8ecc9c4c40ae", "xbl:2535440534418093", "live:1055522551504163", "discord:287133787723137024", "fivem:3824950", "license2:70e54bee29b005ca62a3aef13bfa8ecc9c4c40ae"], "name": "Berke", "ping": 19}, {"endpoint": "127.0.0.1:1234", "id": 651, "identifiers": ["steam:110000116109ac8", "license:b40f6809eeb2a0906de4ae682547e64e517044a3", "live:1055518917246865", "discord:810913185229832214", "fivem:4592886", "license2:304dbc821c9615c55dc3db8fd05e6941e234501d"], "name": "tai ki", "ping": 40}, {"endpoint": "127.0.0.1:1234", "id": 617, "identifiers": ["license:cdf34690b847287bf45e5d233707e9e9080524f3", "discord:916401601038659614", "fivem:8055649", "license2:cdf34690b847287bf45e5d233707e9e9080524f3"], "name": "Zetrox", "ping": 39}, {"endpoint": "127.0.0.1:1234", "id": 588, "identifiers": ["steam:11000011333457f", "license:11c8a8ebec08dbe6f5cc93b06f2be38274398a09", "xbl:2535445500804070", "live:1055522535565250", "discord:449660420270194708", "fivem:3115914", "license2:11c8a8ebec08dbe6f5cc93b06f2be38274398a09"], "name": "Rico Spidi", "ping": 34}, {"endpoint": "127.0.0.1:1234", "id": 587, "identifiers": ["steam:110000161606a2e", "license:d21858e461972f695f98b8c8f1633373c9789438", "live:1055520176089641", "discord:1191763476750811277", "license2:d21858e461972f695f98b8c8f1633373c9789438"], "name": "tonyplouvin", "ping": 24}, {"endpoint": "127.0.0.1:1234", "id": 687, "identifiers": ["license:fe23c0945542f13c907dfb69b11f01e4ad1d2c94", "xbl:2535434266075589", "live:985153913271894", "discord:1099499279443312710", "fivem:12838392", "license2:fe23c0945542f13c907dfb69b11f01e4ad1d2c94"], "name": "user", "ping": 23}, {"endpoint": "127.0.0.1:1234", "id": 592, "identifiers": ["steam:11000015800fc78", "license:8c3cc610d4e94526d82ce762f36ab0482be4f6ca", "discord:461846976141590529", "fivem:11344527", "license2:8c3cc610d4e94526d82ce762f36ab0482be4f6ca"], "name": "douglas piemento", "ping": 30}, {"endpoint": "127.0.0.1:1234", "id": 596, "identifiers": ["steam:110000113478258", "license:6cd998e52d818c00e337fc4672287d2085fa143d", "xbl:2535434371844467", "live:1055518519659518", "discord:317394748275163147", "fivem:5633347", "license2:6cd998e52d818c00e337fc4672287d2085fa143d"], "name": "Alex Kyle", "ping": 27}, {"endpoint": "127.0.0.1:1234", "id": 598, "identifiers": ["steam:110000111a60c99", "license:702efcb6355cd16b0fbbfb983ec7a034f28ad7db", "xbl:2535460204699906", "live:985153897109284", "discord:1082363091330801684", "fivem:9849871", "license2:702efcb6355cd16b0fbbfb983ec7a034f28ad7db"], "name": "Thierry Rena", "ping": 25}, {"endpoint": "127.0.0.1:1234", "id": 604, "identifiers": ["steam:110000135367039", "license:2dc06870587db5a82f8364158781a38465fe6468", "xbl:2535467445584747", "live:1829581278758901", "discord:357612875361026048", "fivem:5602480", "license2:447124d90dc0807193bfffca7c82dbcac585f570"], "name": "Helixo", "ping": 36}, {"endpoint": "127.0.0.1:1234", "id": 605, "identifiers": ["steam:11000013c46150f", "license:2236b7e7518634ae069e136a24bbc21741d0eb5a", "xbl:2535450657171566", "live:1759221826114660", "discord:591191631080718336", "fivem:3133126", "license2:2236b7e7518634ae069e136a24bbc21741d0eb5a"], "name": "Sandeman76200 (Simon Riley)", "ping": 26}, {"endpoint": "127.0.0.1:1234", "id": 608, "identifiers": ["steam:1100001456ed896", "license:aa01b2efe353686a40548aac071ab1ddc7646ed1", "xbl:2535446538494996", "live:844429171590612", "discord:781095919671181324", "license2:aa01b2efe353686a40548aac071ab1ddc7646ed1"], "name": "[GN] Alex Krapio", "ping": 42}, {"endpoint": "127.0.0.1:1234", "id": 609, "identifiers": ["steam:11000014b5c9b02", "license:4d8f2469f2927e89dbf481f4208cb1a8347014a3", "xbl:2535456199759576", "live:1055519451338211", "discord:855471060639416360", "fivem:5740545", "license2:4d8f2469f2927e89dbf481f4208cb1a8347014a3"], "name": "~g~ [M]-Blood | Juan.J", "ping": 43}, {"endpoint": "127.0.0.1:1234", "id": 615, "identifiers": ["license:786c5f40943df82b3ca6f9f5f0cfa3d8a45b4453", "discord:391605872025141258", "license2:786c5f40943df82b3ca6f9f5f0cfa3d8a45b4453"], "name": "Amo Sosa", "ping": 32}, {"endpoint": "127.0.0.1:1234", "id": 625, "identifiers": ["steam:110000160fe4fbf", "license:21c62c6dfa461b031a17e00da149d65cbd59d319", "xbl:2535471432790015", "live:914799130290608", "discord:941459988600193074", "fivem:12684328", "license2:21c62c6dfa461b031a17e00da149d65cbd59d319"], "name": "ExylaZ-TrickS", "ping": 26}, {"endpoint": "127.0.0.1:1234", "id": 628, "identifiers": ["steam:11000014b288ee9", "license:4118bfde5958de6ec8e62d843fa9b306376a4b32", "xbl:2535438933383656", "live:985154202507300", "discord:888744516977303572", "fivem:9663383", "license2:4118bfde5958de6ec8e62d843fa9b306376a4b32"], "name": "Lars QLF", "ping": 93}, {"endpoint": "127.0.0.1:1234", "id": 627, "identifiers": ["steam:11000015f0f7151", "license:47480152aa8af57f634f259b4080ff277e8367b2", "live:1055522041036721", "discord:1066045463515643924", "license2:47480152aa8af57f634f259b4080ff277e8367b2"], "name": "Mehdi Donio", "ping": 49}, {"endpoint": "127.0.0.1:1234", "id": 629, "identifiers": ["steam:110000158a6b583", "license:c3a1023a6f3ecd518d9af10dbc83e228c5dfc261", "xbl:2535461829013321", "live:1688850256457371", "discord:716732477120708608", "license2:5ddda3ca8fb8b5439415db09e49d3fd9e795f81d"], "name": "Mathieu | Chatillion", "ping": 27}, {"endpoint": "127.0.0.1:1234", "id": 630, "identifiers": ["steam:110000136dc5287", "license:e2c619ee7aab9d8c0df7d48b63db33ff842483e6", "xbl:2535405859045280", "live:985154320737593", "discord:527427808595673088", "license2:e2c619ee7aab9d8c0df7d48b63db33ff842483e6"], "name": "Justin Kyle", "ping": 24}, {"endpoint": "127.0.0.1:1234", "id": 632, "identifiers": ["steam:11000014b9ef03f", "license:fff37d09027b6b6d5b0a015c86aeed612a158d29", "xbl:2535412249128191", "live:985154309775953", "discord:1191833604775489617", "license2:5c0e949cf58a2ce29f1056794b1fb3c38bdeaec3"], "name": "hugo84420", "ping": 41}, {"endpoint": "127.0.0.1:1234", "id": 633, "identifiers": ["steam:11000015edaaab6", "license:19cae41e3f12b133f2657b06b7a5b7b4691c191d", "discord:1151552877102366821", "fivem:11879757", "license2:19cae41e3f12b133f2657b06b7a5b7b4691c191d"], "name": "delsautmickey", "ping": 24}, {"endpoint": "127.0.0.1:1234", "id": 634, "identifiers": ["steam:110000135d7c5f6", "license:e1d2164403203a010409124ed2d318f4847a681a", "xbl:2535414549302102", "live:1055518349198389", "discord:1136935661518204958", "fivem:13137490", "license2:567cdaec129a1477e85d17c9e3ee0cfa20d3d94d"], "name": "Enzo Duriff", "ping": 41}, {"endpoint": "127.0.0.1:1234", "id": 635, "identifiers": ["steam:11000010d252379", "license:eb42c569aea42a7ec437a009cf445306510abe0b", "live:844425170392261", "discord:809903840479412264", "license2:eb42c569aea42a7ec437a009cf445306510abe0b"], "name": "BAMAKO", "ping": 35}, {"endpoint": "127.0.0.1:1234", "id": 637, "identifiers": ["steam:11000015c45479b", "license:0d76257a1c5f422d277e367139356eee21f3c40b", "xbl:2535433700571214", "live:1055518479903522", "discord:1024818361571479613", "fivem:12440107", "license2:0d76257a1c5f422d277e367139356eee21f3c40b"], "name": "andy02850", "ping": 21}, {"endpoint": "127.0.0.1:1234", "id": 639, "identifiers": ["steam:11000010c258cc8", "license:b6d3efe6437392c46bbe98bdac63a1cecd8a639b", "xbl:2535408733946891", "live:1055518453496767", "discord:853657721824215040", "license2:a9611f4757229d148d9101f7d6e3fa271afda762"], "name": "thomasgadal36", "ping": 17}, {"endpoint": "127.0.0.1:1234", "id": 694, "identifiers": ["license:c5c67ebbe7d51c12e694832a64edc69148101fa2", "xbl:2535468694853097", "live:985154405809577", "discord:556129233060233236", "fivem:13407930", "license2:c5c67ebbe7d51c12e694832a64edc69148101fa2"], "name": "alexi", "ping": 29}, {"endpoint": "127.0.0.1:1234", "id": 643, "identifiers": ["steam:110000161157739", "license:de590ff87d269d21160cef965c5ff4703f64587e", "xbl:2535460240110768", "live:844425988743045", "discord:1191057503560155330", "fivem:12809483", "license2:de590ff87d269d21160cef965c5ff4703f64587e"], "name": "mehdybendalah", "ping": 118}, {"endpoint": "127.0.0.1:1234", "id": 640, "identifiers": ["steam:11000013efe9f50", "license:71fa66913c2891fb2c0c63481be7bc425d629615", "xbl:2535443628292452", "live:1055519551298333", "discord:399560508627353600", "fivem:12264761", "license2:a6dfa1e06d4e9e1a27e6f7d272f2dc5823e6d31a"], "name": "Ewan Blue", "ping": 35}, {"endpoint": "127.0.0.1:1234", "id": 645, "identifiers": ["steam:11000014727e54a", "license:63a870a9ec45a9abfe0a8a1342d20740dd0f1d17", "discord:829403188922810508", "license2:d66bac655811838c2f49f6e096667b54f06f95b0"], "name": "DEA", "ping": 39}, {"endpoint": "127.0.0.1:1234", "id": 649, "identifiers": ["steam:110000145b5b271", "license:b2f6037cd6400d523f49df3ba3d2835aa5e421b0", "discord:789633963609292801", "license2:b2f6037cd6400d523f49df3ba3d2835aa5e421b0"], "name": "\u300cMickael Silva\u300d", "ping": 49}, {"endpoint": "127.0.0.1:1234", "id": 650, "identifiers": ["steam:11000016383c676", "license:ecd1347bda072b2512cf894157bc0e38c063f498", "live:844426808827491", "discord:1203452104140791821", "license2:976bed25294999eb35bff2eecf0800d4f8fa2a27"], "name": "penat827", "ping": 100}, {"endpoint": "127.0.0.1:1234", "id": 655, "identifiers": ["license:426b998334f3e638210916ab39f7dc3e82fd6370", "discord:461971460014080000", "fivem:1490455", "license2:426b998334f3e638210916ab39f7dc3e82fd6370"], "name": "Jean", "ping": 36}, {"endpoint": "127.0.0.1:1234", "id": 656, "identifiers": ["steam:110000160681736", "license:06ffc708e7782bdd2a5d94c37a4e6670753ebf53", "discord:520959065518637067", "fivem:11416033", "license2:06ffc708e7782bdd2a5d94c37a4e6670753ebf53"], "name": "Sam lopez", "ping": 36}, {"endpoint": "127.0.0.1:1234", "id": 659, "identifiers": ["steam:11000016434e7bc", "license:054b916d7087c1f10432c8fe658cb67f60ad4e65", "xbl:2535413872008252", "live:844425381316038", "discord:433181238694510592", "license2:054b916d7087c1f10432c8fe658cb67f60ad4e65"], "name": "vinyze2003", "ping": 24}, {"endpoint": "127.0.0.1:1234", "id": 661, "identifiers": ["license:f905b32f2ebc837719407fb4f48f878f43a8f9d5", "xbl:2535409386152266", "live:985154086657690", "discord:940424174818705438", "fivem:5070338", "license2:f905b32f2ebc837719407fb4f48f878f43a8f9d5"], "name": "Matth", "ping": 29}, {"endpoint": "127.0.0.1:1234", "id": 665, "identifiers": ["steam:1100001561e8a64", "license:4c171d9eed14461a3bdde2a309b8ae9005ff336a", "live:985155515586274", "discord:931996777522012210", "fivem:9043743", "license2:f21f8e404231eff177435fcef70a3f02d52100ca"], "name": "pepito secco [SP]", "ping": 63}, {"endpoint": "127.0.0.1:1234", "id": 667, "identifiers": ["steam:1100001493f99f7", "license:44c4ad033cd651ae01aa245dc3b87b50daf62907", "xbl:2535458136749008", "live:914798168372613", "discord:711947244227526716", "license2:44c4ad033cd651ae01aa245dc3b87b50daf62907"], "name": "_Cap22", "ping": 20}, {"endpoint": "127.0.0.1:1234", "id": 669, "identifiers": ["steam:11000015674e759", "license:7cd0c7bc8d66c30ea87af935f7e6a5de074e0968", "live:844426758152637", "discord:690166234540671081", "fivem:9022813", "license2:7cd0c7bc8d66c30ea87af935f7e6a5de074e0968"], "name": "Bryankt", "ping": 20}, {"endpoint": "127.0.0.1:1234", "id": 671, "identifiers": ["steam:1100001414e6500", "license:238ee7db0374c48fb537f5e197866006e09977b3", "xbl:2535440954513701", "live:914798621090299", "discord:769482412194529290", "fivem:1393974", "license2:238ee7db0374c48fb537f5e197866006e09977b3"], "name": "Vinicius Jr", "ping": 17}, {"endpoint": "127.0.0.1:1234", "id": 672, "identifiers": ["steam:110000116b17238", "license:10b8c403d9084f2eb064bc3754a4eeb11b694716", "live:1055520064835047", "discord:295489663504875521", "license2:10b8c403d9084f2eb064bc3754a4eeb11b694716"], "name": "LeoUi", "ping": 52}, {"endpoint": "127.0.0.1:1234", "id": 676, "identifiers": ["steam:110000161201f7d", "license:c71504b1e3688fc520c574b21a337e8dc9200c17", "xbl:2535416207330456", "live:1055519016782974", "discord:1181560776276844677", "license2:c71504b1e3688fc520c574b21a337e8dc9200c17"], "name": "tonydefs13", "ping": 36}, {"endpoint": "127.0.0.1:1234", "id": 686, "identifiers": ["steam:1100001350011cb", "license:9ca4ac2fdbc6aa61daf499424da9318ac105a563", "xbl:2535443412958725", "live:1055518973357468", "discord:723916594400591892", "license2:9ca4ac2fdbc6aa61daf499424da9318ac105a563"], "name": "Kevin Morel l| XenozZ", "ping": 29}, {"endpoint": "127.0.0.1:1234", "id": 679, "identifiers": ["steam:110000143108f7d", "license:6058d662330c5d470ea1f8f8ee74b3764dcfdb9b", "xbl:2535465314103760", "live:1055518665503414", "discord:1119541202065297508", "fivem:10655951", "license2:27232791537bb54892ecbba0c021d07d49e5924e"], "name": "Quentin Logota", "ping": 49}, {"endpoint": "127.0.0.1:1234", "id": 691, "identifiers": ["steam:1100001479e1809", "license:756e8d301e1f52754f828099ac5cddde23ed387e", "xbl:2535460686913967", "live:1055519007090673", "license2:756e8d301e1f52754f828099ac5cddde23ed387e"], "name": "fatouxalex59590", "ping": 551}, {"endpoint": "127.0.0.1:1234", "id": 684, "identifiers": ["steam:110000143945c50", "license:6dfd56bcda23b079cc6c3dfb8c57d638ac8aceac", "xbl:2535443779762482", "live:844425737059011", "discord:918904843547074651", "fivem:2652546", "license2:6dfd56bcda23b079cc6c3dfb8c57d638ac8aceac"], "name": "Yamskoo", "ping": 30}, {"endpoint": "127.0.0.1:1234", "id": 688, "identifiers": ["steam:110000119802b64", "license:86a53289bdbd4b654b67ebf546fdbbfc18ce2cd5", "xbl:2535417917942384", "live:1055521889075606", "discord:1198312085575180510", "license2:86a53289bdbd4b654b67ebf546fdbbfc18ce2cd5"], "name": "didir", "ping": 19}, {"endpoint": "127.0.0.1:1234", "id": 690, "identifiers": ["steam:11000015ad3b6b5", "license:7fbf09722893074658ed20d7fecfd3c29682a7ed", "discord:1014919121458184242", "fivem:9795927", "license2:fc4cfce3cb83ee5b99c5bec0b5339238359dfe7c"], "name": "Bernie Noel", "ping": 26}, {"endpoint": "127.0.0.1:1234", "id": 692, "identifiers": ["steam:110000110cd786e", "license:169ffddda75e9c75ef7f5c6df6ee8d7eedb797d3", "xbl:2535412082783723", "live:914798270907096", "discord:197412812694224896", "fivem:12983949", "license2:169ffddda75e9c75ef7f5c6df6ee8d7eedb797d3"], "name": "Thoji", "ping": 30}, {"endpoint": "127.0.0.1:1234", "id": 693, "identifiers": ["steam:110000162cbd5b4", "license:d229b9b5966da71691f56aa0c9bb501485884a3e", "discord:1044229358291796058", "fivem:1324698", "license2:d229b9b5966da71691f56aa0c9bb501485884a3e"], "name": "enduro213", "ping": 28}, {"endpoint": "127.0.0.1:1234", "id": 695, "identifiers": ["steam:11000014c1bdbe2", "license:4bf65f1fa9f62c7244ad6cfb3c3426816ac8b849", "live:914798066136361", "discord:929422591846924309", "license2:4bf65f1fa9f62c7244ad6cfb3c3426816ac8b849"], "name": "[PN] ~b~ Diego Di Marzio", "ping": 50}, {"endpoint": "127.0.0.1:1234", "id": 697, "identifiers": ["steam:11000010ce527e7", "license:6f131e4f13d5c9b539df6e6c4ca2b27a1c2937ed", "discord:804667176246050826", "fivem:12767712", "license2:7f8855f1bf590483f6ee9dd255f38727360606d1"], "name": "Mathieu Botella", "ping": 36}, {"endpoint": "127.0.0.1:1234", "id": 699, "identifiers": ["steam:1100001430e65ca", "license:5fa5f8cb812284464512466b96be9f69ea45d7cd", "xbl:2535411334307977", "live:914798695787070", "discord:746766213660540949", "license2:5fa5f8cb812284464512466b96be9f69ea45d7cd"], "name": "Alex Dalasilva", "ping": 25}, {"endpoint": "127.0.0.1:1234", "id": 698, "identifiers": ["steam:11000016140575b", "license:846232688d390876cfcd282c5ab2cd7de58271cb", "live:985154303284642", "discord:1190390154247032872", "fivem:12770385", "license2:846232688d390876cfcd282c5ab2cd7de58271cb"], "name": "pedro martinez", "ping": 20}, {"endpoint": "127.0.0.1:1234", "id": 696, "identifiers": ["steam:11000015a081e29", "license:0ed866d5f00e2c95b0ea94e18e6551a93a924e05", "xbl:2535437764665917", "live:1829582527014148", "discord:875696327743377438", "fivem:13394427", "license2:0ed866d5f00e2c95b0ea94e18e6551a93a924e05"], "name": "SHOOTER.GodSent", "ping": 22}, {"endpoint": "127.0.0.1:1234", "id": 703, "identifiers": ["steam:110000159e5df44", "license:9f88cbd906e8fa82a40b4bfb2303a53257c2afc7", "xbl:2535471603778916", "live:1055519445822368", "discord:936737550289211402", "fivem:11087085", "license2:9f88cbd906e8fa82a40b4bfb2303a53257c2afc7"], "name": "armannialexis10", "ping": 25}, {"endpoint": "127.0.0.1:1234", "id": 702, "identifiers": ["license:7bf2f24d877daa393b167b04b0f5f71021db01db", "xbl:2535427608947187", "live:985155103480368", "discord:887669993280516097", "license2:7bf2f24d877daa393b167b04b0f5f71021db01db"], "name": "KIZI toon", "ping": 25}, {"endpoint": "127.0.0.1:1234", "id": 704, "identifiers": ["steam:110000163334c6d", "license:10e51db551a56c170115f4973634b19d9ee867e6", "xbl:2535430644195217", "live:844426054879957", "discord:953226118696169473", "fivem:13077736", "license2:10e51db551a56c170115f4973634b19d9ee867e6"], "name": "jrizqi129", "ping": 24}, {"endpoint": "127.0.0.1:1234", "id": 705, "identifiers": ["license:10323bb472e60f990f6424a9d50f1a49a9898d95", "discord:1116818929436872775", "fivem:10822205", "license2:10323bb472e60f990f6424a9d50f1a49a9898d95"], "name": "1", "ping": 37}, {"endpoint": "127.0.0.1:1234", "id": 709, "identifiers": ["steam:11000015aa762dc", "license:b852a70fc26d706f48464589f682957b867f38dd", "discord:842713409955168317", "fivem:13156112", "license2:b852a70fc26d706f48464589f682957b867f38dd"], "name": "maik.algoedt", "ping": 73}, {"endpoint": "127.0.0.1:1234", "id": 710, "identifiers": ["steam:110000141d7037a", "license:31dfeb494dbcf72f54724c2bb9185067778179ac", "discord:211488617560932353", "fivem:9899743", "license2:31dfeb494dbcf72f54724c2bb9185067778179ac"], "name": "~r~Karim Spriite", "ping": 136}], "ownerID": 9727952, "private": false, "fallback": false, "connectEndPoints": ["https://viparisrplb.shieldcore.io/"], "upvotePower": 10, "burstPower": 0, "support_status": "supported", "svMaxclients": 500, "ownerName": "Tritu_Tachel", "ownerProfile": "https://forum.cfx.re/u/Tritu_Tachel", "ownerAvatar": "https://forum.cfx.re/user_avatar/forum.cfx.re/tritu_tachel/128/3383216_2.png", "lastSeen": "2024-02-29T21:11:44.7743874Z", "iconVersion": -1270622144}}